Model,AUC,Accuracy,Precision,Recall,F2 Score,Profit/Loss
Model D3,0.839,0.7468513853904282,0.2626641651031895,0.9395973154362416,0.6200177147918512,44180
