feature,score
tenure_months,0.02317309232641307
tenure_fee_interaction,0.01665392056612669
csat_score,0.015108834140264316
monthly_logins,0.011717563373805584
payment_failures,0.009414284394041683
escalations,0.008730660683231806
country_Bangladesh,0.006908427316847376
email_open_rate,0.005683667369275502
city_Berlin,0.00475405595291134
city_London,0.004612681289071885
