Keras,AUC,Accuracy,Precision,Recall,F2 Score,Profit/Loss
Model KE5,0.82,0.610831234256927,0.18607764390896922,0.9328859060402684,0.5174981384959046,34620
