K-Neighbors Classifier,AUC,Accuracy,Precision,Recall,F2 Score,Profit/Loss
Model K4,0.77,0.4641057934508816,0.1425661914460285,0.9395973154362416,0.4435994930291508,26220
