Model,AUC,Accuracy,Precision,Recall,F2 Score,Profit/Loss
Model L5,0.733,0.30415617128463474,0.11698717948717949,0.9798657718120806,0.39587852494577,21580
