Random Forest,AUC,Accuracy,Precision,Recall,F2 Score,Profit/Loss
Model R4,0.842,0.739294710327456,0.25688073394495414,0.9395973154362416,0.6134969325153374,43700
