SVC,AUC,Accuracy,Precision,Recall,F2 Score,Profit/Loss
Model S5,0.782,0.47544080604534006,0.14522821576763487,0.9395973154362416,0.44871794871794873,26940
