XGB Classifier,AUC,Accuracy,Precision,Recall,F2 Score,Profit/Loss
Model XG2,0.84,0.7380352644836272,0.25594149908592323,0.9395973154362416,0.6124234470691163,43620
